﻿<?xml version="1.0"?>
<root>
	<user>
	  <headID>images/icon.jpg</headID>
      <area>班德尔城</area>
	  <id><![CDATA[它它它他她]]></id>
      <from>艾欧尼亚</from>
	  <content><![CDATA[两千多公里的异地恋，除了发信息打电话共同话题就是游戏里的趣事了，要真的能实现，我想要往返的机票，给他一个惊喜]]></content>
	</user>
	<user>
	  <headID>images/icon.jpg</headID>
      <area>比尔吉沃特</area>
	  <id><![CDATA[Eternity丶冷傲]]></id>
      <from>艾欧尼亚</from>
	  <content><![CDATA[希望有一款圣枪游侠皮肤]]></content>
	</user>
	<user>
	  <headID>images/icon.jpg</headID>
      <area>比尔吉沃特</area>
	  <id><![CDATA[Eternity丶冷傲]]></id>
      <from>艾欧尼亚</from>>
	  <content><![CDATA[希望有一款圣枪游侠皮肤]]></content>
	</user>
	<user>
	  <headID>images/icon.jpg</headID>
      <area>比尔吉沃特</area>
	  <id><![CDATA[Eternity丶冷傲]]></id>
      <from>艾欧尼亚</from>
	  <content><![CDATA[希望有一款圣枪游侠皮肤]]></content>
	</user>
	<user>
	  <headID>images/icon.jpg</headID>
      <area>比尔吉沃特</area>
	  <id><![CDATA[Eternity丶冷傲]]></id>
      <from>艾欧尼亚</from>
	  <content><![CDATA[希望有一款圣枪游侠皮肤]]></content>
	</user>
	
</root>